{
  "0": {
    "precision": 0.9949238578680203,
    "recall": 1.0,
    "f1-score": 0.9974554707379135,
    "support": 980.0
  },
  "1": {
    "precision": 0.9973521624007061,
    "recall": 0.9955947136563876,
    "f1-score": 0.9964726631393298,
    "support": 1135.0
  },
  "2": {
    "precision": 0.9970817120622568,
    "recall": 0.9932170542635659,
    "f1-score": 0.9951456310679612,
    "support": 1032.0
  },
  "3": {
    "precision": 0.9921104536489151,
    "recall": 0.996039603960396,
    "f1-score": 0.9940711462450593,
    "support": 1010.0
  },
  "4": {
    "precision": 0.9959225280326198,
    "recall": 0.994908350305499,
    "f1-score": 0.9954151808456444,
    "support": 982.0
  },
  "5": {
    "precision": 0.9932810750279956,
    "recall": 0.9943946188340808,
    "f1-score": 0.9938375350140056,
    "support": 892.0
  },
  "6": {
    "precision": 0.9958115183246073,
    "recall": 0.9926931106471816,
    "f1-score": 0.9942498693152118,
    "support": 958.0
  },
  "7": {
    "precision": 0.9922405431619786,
    "recall": 0.995136186770428,
    "f1-score": 0.9936862554638174,
    "support": 1028.0
  },
  "8": {
    "precision": 0.9979423868312757,
    "recall": 0.9958932238193019,
    "f1-score": 0.9969167523124358,
    "support": 974.0
  },
  "9": {
    "precision": 0.9950396825396826,
    "recall": 0.9940535183349851,
    "f1-score": 0.9945463559742191,
    "support": 1009.0
  },
  "accuracy": 0.9952,
  "macro avg": {
    "precision": 0.9951705919898058,
    "recall": 0.9951930380591826,
    "f1-score": 0.9951796860115598,
    "support": 10000.0
  },
  "weighted avg": {
    "precision": 0.9952044248903811,
    "recall": 0.9952,
    "f1-score": 0.9952000807129935,
    "support": 10000.0
  }
}